{
    "items": [
        [
            0.22224489795918365,
            8.926829268292684
        ],
        null,
        null,
        null,
        null,
        null
    ],
    "shelves": [
        [
            0.21205237236370264,
            11.560975609756097
        ],
        [
            0.20918758001159313,
            17.853658536585368
        ],
        null,
        null,
        null,
        null
    ],
    "row_markers": [
        null,
        null,
        null
    ],
    "obstacles": [
        [
            0.292741935483871,
            25.463414634146343
        ]
    ],
    "packing_bay": null
}