{
    "items": [
        [
            0.17564516129032257,
            9.804878048780488
        ],
        null,
        null,
        null,
        null,
        null
    ],
    "shelves": [
        [
            0.25976797733218326,
            -9.21951219512195
        ],
        [
            0.27786108479961535,
            2.1951219512195124
        ],
        null,
        null,
        null,
        null
    ],
    "row_markers": [
        null,
        null,
        null
    ],
    "obstacles": [
        [
            0.211046511627907,
            23.70731707317073
        ]
    ],
    "packing_bay": null
}