{
    "items": [
        [
            0.71750625,
            29.073170731707318
        ],
        [
            0.5218227272727273,
            -37.26829268292683
        ],
        null,
        null,
        null,
        null
    ],
    "shelves": [
        [
            0.3799117701183861,
            21.26829268292683
        ],
        [
            0.2946613824679136,
            39.80487804878049
        ],
        null,
        null,
        null,
        null
    ],
    "row_markers": [
        null,
        null,
        null
    ],
    "obstacles": [
        [
            0.22453175400820594,
            0.5853658536585366
        ]
    ],
    "packing_bay": null
}