{
    "items": [
        [
            0.33765,
            20.097560975609756
        ],
        [
            0.2870025,
            6.048780487804878
        ],
        [
            0.2342877551020408,
            -22.829268292682926
        ],
        null,
        null,
        null
    ],
    "shelves": [
        null,
        null,
        null,
        null,
        null,
        null
    ],
    "row_markers": [
        [
            1.6741812500000002,
            -25.365853658536587
        ],
        null,
        null
    ],
    "obstacles": [
        [
            1.5316166656671408,
            -14.439024390243903
        ],
        [
            1.0073908418637345,
            -1.7560975609756098
        ],
        [
            2.066955425071936,
            7.609756097560975
        ]
    ],
    "packing_bay": null
}