{
    "items": [
        [
            0.3202941176470588,
            0.7317073170731707
        ],
        null,
        null,
        null,
        null,
        null
    ],
    "shelves": [
        [
            0.38280714808084737,
            -24.73170731707317
        ],
        [
            0.3616211584075676,
            -15.365853658536585
        ],
        null,
        null,
        null,
        null
    ],
    "row_markers": [
        null,
        null,
        null
    ],
    "obstacles": [
        [
            0.35588235294117654,
            -8.341463414634147
        ]
    ],
    "packing_bay": null
}